Date,Lieu,Ville,Type,Prix,Artiste,Image
19 nov. 2022 au 8 janv. 2023,LE CHAPITO,LILLE,CIRQUE - CIRQUE CONTEMPORAIN,15.0,LE CIRQUE DE NOEL,https://static.ticketmaster.fr/static/images/vignettes/a_539061.gif
16 dec. 2022 au 29 janv. 2023,CHAPITEAU ARLETTE GRUSS,BORDEAUX,CIRQUE - CIRQUE TRADITIONNEL,17.0,CIRQUE ARLETTE GRUSS,https://static.ticketmaster.fr/static/images/vignettes/n_cirque-arlette-gruss.gif
19 nov. 2022 au 15 janv. 2023,CIRQUE PHENIX,PARIS,CIRQUE - CIRQUE TRADITIONNEL,15.0,CIRQUE PHENIX- LE CIRQUE PHENIX - RHAPSODIE,https://static.ticketmaster.fr/static/images/vignettes/a_529760.gif
26 dec. 2022 au 2 janv. 2023,CHAPITEAU MEDRANO,NANTES,CIRQUE - CIRQUE TRADITIONNEL,21.0,GRAND CIRQUE MEDRANO,https://static.ticketmaster.fr/static/images/vignettes/a_540513.gif
1 dec. 2022 au 14 janv. 2023,LE 13EME ART,PARIS,CIRQUE - CIRQUE CONTEMPORAIN,23.0,CIRQUE LEROUX,https://static.ticketmaster.fr/static/images/vignettes/a_525768.gif
2 fevr. 2023,ZENITH NANTES METROPOLE,ST HERBLAIN,CIRQUE - CIRQUE TRADITIONNEL,36.0,LE CIRQUE PHENIX - RHAPSODIE,https://static.ticketmaster.fr/static/images/vignettes/n_le-cirque-phenix-rhapsodie.gif
22 oct. 2022 au 5 mars 2023,CIRQUE D'HIVER BOUGLIONE,PARIS,CIRQUE - CIRQUE TRADITIONNEL,22.0,"""CIRQUE DHIVER BOUGLIONE""",https://static.ticketmaster.fr/static/images/vignettes/a_537654.gif
10 fevr. 2023,ZENITH D'AUVERGNE,COURNON D AUVERGNE,CIRQUE - CIRQUE TRADITIONNEL,31.0,CIRQUE PHENIX,https://static.ticketmaster.fr/static/images/vignettes/n_le-cirque-phenix-rhapsodie.gif
5 au 19 mars 2023,CHAPITEAU ARLETTE GRUSS,LILLE,CIRQUE - CIRQUE EQUESTRE,17.0,CIRQUE ARLETTE GRUSS,https://static.ticketmaster.fr/static/images/vignettes/n_cirque-arlette-gruss.gif
10 au 19 fevr. 2023,CHAPITEAU ARLETTE GRUSS,ROUEN,CIRQUE - CIRQUE EQUESTRE,17.0,CIRQUE ARLETTE GRUSS,https://static.ticketmaster.fr/static/images/vignettes/n_cirque-arlette-gruss.gif
14 au 16 avr. 2023,CHAPITEAU ARLETTE GRUSS,THIONVILLE,CIRQUE - CIRQUE EQUESTRE,17.0,CIRQUE ARLETTE GRUSS,https://static.ticketmaster.fr/static/images/vignettes/n_cirque-arlette-gruss.gif
27 janv. 2023,LE CEPAC SILO,MARSEILLE,CIRQUE - CIRQUE TRADITIONNEL,31.0,LE CIRQUE PHENIX - RHAPSODIE,https://static.ticketmaster.fr/static/images/vignettes/a_528152.gif
25 fevr. au 1 mars 2023,CHAPITEAU ARLETTE GRUSS,ARRAS,CIRQUE - CIRQUE EQUESTRE,17.0,CIRQUE ARLETTE GRUSS,https://static.ticketmaster.fr/static/images/vignettes/n_cirque-arlette-gruss.gif
25 dec. 2022 au 29 janv. 2023,PELOUSE DE REUILLY,PARIS,CIRQUE - CIRQUE TRADITIONNEL,17.0,CIRQUE MONDIAL,https://static.ticketmaster.fr/static/images/vignettes/a_538126.gif
3 au 5 fevr. 2023,CHAPITEAU ARLETTE GRUSS,LA ROCHELLE,CIRQUE - CIRQUE TRADITIONNEL,17.0,CIRQUE ARLETTE GRUSS,https://static.ticketmaster.fr/static/images/vignettes/n_cirque-arlette-gruss.gif
8 fevr. 2023,HALLE TONY GARNIER,LYON,CIRQUE - CIRQUE TRADITIONNEL,31.0,CIRQUE PHENIX,https://static.ticketmaster.fr/static/images/vignettes/n_le-cirque-phenix-rhapsodie.gif
21 janv. 2023,AINTEREXPO,BOURG EN BRESSE,CIRQUE - CIRQUE CONTEMPORAIN,31.0,LE CIRQUE PHENIX - RHAPSODIE,https://static.ticketmaster.fr/static/images/vignettes/n_le-cirque-phenix-rhapsodie.gif
3 fevr. 2023,LE LIBERTE,RENNES,CIRQUE - CIRQUE TRADITIONNEL,31.0,CIRQUE PHENIX- LE CIRQUE PHENIX - RHAPSODIE,https://static.ticketmaster.fr/static/images/vignettes/n_le-cirque-phenix-rhapsodie.gif
20 au 26 fevr. 2023,CHAPITEAU MEDRANO,NANCY,CIRQUE - CIRQUE TRADITIONNEL,21.0,GRAND CIRQUE MEDRANO,https://static.ticketmaster.fr/static/images/vignettes/n_oceania.gif
5 au 14 mai 2023,CHAPITEAU ARLETTE GRUSS,MULHOUSE,CIRQUE - CIRQUE TRADITIONNEL,17.0,CIRQUE ARLETTE GRUSS,https://static.ticketmaster.fr/static/images/vignettes/n_cirque-arlette-gruss.gif
1 oct. 2022 au 18 nov. 2023,COMPAGNIE ALEXIS GRUSS,PARIS,CIRQUE - CIRQUE EQUESTRE,20.0,CIRQUE ALEXIS GRUSS,https://static.ticketmaster.fr/static/images/vignettes/a_534422.gif
26 au 29 janv. 2023,VILLAGE CHAPITEAUX,MARSEILLE,CIRQUE - CIRQUE CONTEMPORAIN,14.0,BIENNALE INTERNATIONALE DES ARTS DU CIRQUE,https://static.ticketmaster.fr/static/images/vignettes/ticket.gif
28 janv. 2023,THEATRE PIERRE CRAVEY,LA TESTE DE BUCH,CIRQUE - CIRQUE CONTEMPORAIN,12.0,LES FRERES COLLE,https://static.ticketmaster.fr/static/images/vignettes/a_530369.gif
3 dec. 2022 au 2 janv. 2023,CHAPITEAU MEDRANO,MARSEILLE,CIRQUE - CIRQUE TRADITIONNEL,24.2,GRAND CIRQUE MEDRANO,https://static.ticketmaster.fr/static/images/vignettes/ticket.gif
7 au 20 janv. 2023,CHAPITEAU ARLETTE GRUSS,BORDEAUX,CIRQUE - CIRQUE TRADITIONNEL,36.0,CIRQUE ARLETTE GRUSS,https://static.ticketmaster.fr/static/images/vignettes/a_530727.gif
20 au 28 janv. 2023,VILLAGE CHAPITEAUX,MARSEILLE,CIRQUE - CIRQUE CONTEMPORAIN,14.0,BIENNALE INTERNATIONALE DES ARTS DU CIRQUE,https://static.ticketmaster.fr/static/images/vignettes/a_539086.gif
20 au 29 janv. 2023,VILLAGE CHAPITEAUX,MARSEILLE,CIRQUE - CIRQUE CONTEMPORAIN,15.0,BIENNALE INTERNATIONALE DES ARTS DU CIRQUE,https://static.ticketmaster.fr/static/images/vignettes/a_538865.gif
22 janv. 2023,SUMMUM,GRENOBLE,CIRQUE - CIRQUE TRADITIONNEL,31.0,CIRQUE PHENIX,https://static.ticketmaster.fr/static/images/vignettes/n_le-cirque-phenix-rhapsodie.gif
26 janv. au 19 fevr. 2023,Espace Chapiteaux du Parc de la Villette,PARIS,CIRQUE - CIRQUE CONTEMPORAIN,12.0,CENTRE NATIONAL DES ARTS DU CIRQUE,https://static.ticketmaster.fr/static/images/vignettes/ticket.gif
28 janv. 2023,ZENITH SUD MONTPELLIER,MONTPELLIER,CIRQUE - CIRQUE CONTEMPORAIN,31.0,LE CIRQUE PHENIX - RHAPSODIE,https://static.ticketmaster.fr/static/images/vignettes/a_527657.gif
11 fevr. 2023,ZENITH,ST ETIENNE,CIRQUE - CIRQUE CONTEMPORAIN,31.0,LE CIRQUE PHENIX - RHAPSODIE,https://static.ticketmaster.fr/static/images/vignettes/n_le-cirque-phenix-rhapsodie.gif
24 au 26 mars 2023,CHAPITEAU ARLETTE GRUSS,BOULOGNE SUR MER CEDEX,CIRQUE - CIRQUE EQUESTRE,17.0,CIRQUE ARLETTE GRUSS,https://static.ticketmaster.fr/static/images/vignettes/n_cirque-arlette-gruss.gif
21 dec. 2022 au 1 janv. 2023,CHAPITEAU MEDRANO,NICE,CIRQUE - CIRQUE SUR GLACE,24.2,GRAND CIRQUE MEDRANO,https://static.ticketmaster.fr/static/images/vignettes/a_538862.gif
25 janv. 2020 au 6 août 2023,CIRQUE BORMANN MORENO,PARIS,CIRQUE - CIRQUE TRADITIONNEL,12.0,CIRQUE BORMANN MORENO,https://static.ticketmaster.fr/static/images/vignettes/a_484817.gif
5 nov. 2022 au 26 fevr. 2023,CHAPITEAU ROMANES,PARIS,CIRQUE - CIRQUE CONTEMPORAIN,17.0,CIRQUE ROMANES,https://static.ticketmaster.fr/static/images/vignettes/a_538116.gif
26 nov. 2022 au 8 janv. 2023,HIPPODROME DE LA CEPIERE,TOULOUSE,CIRQUE - CIRQUE TRADITIONNEL,25.0,LE GRAND CIRQUE DE NOEL,https://static.ticketmaster.fr/static/images/vignettes/a_539906.gif
30 nov. 2022 au 8 janv. 2023,LA SCALA PARIS,PARIS,CIRQUE - CIRQUE CONTEMPORAIN,15.3,PLAY AND REPLAY,https://static.ticketmaster.fr/static/images/vignettes/a_532750.gif
3 dec. 2022 au 22 janv. 2023,CHAPITEAU IL TEATRO DI PINOCCHIO,DAMMARIE LES LYS,CIRQUE - CIRQUE TRADITIONNEL,11.0,IL TEATRO DI PINOCCHIO,https://static.ticketmaster.fr/static/images/vignettes/ticket.gif
31 dec. 2022,CHAPITEAU ARLETTE GRUSS,BORDEAUX,CIRQUE - CIRQUE TRADITIONNEL,70.15,CIRQUE ARLETTE GRUSS,https://static.ticketmaster.fr/static/images/vignettes/a_530733.gif
6 au 15 janv. 2023,CHAPITEAU MEDRANO,CLERMONT FERRAND,CIRQUE - CIRQUE TRADITIONNEL,21.0,GRAND CIRQUE MEDRANO,https://static.ticketmaster.fr/static/images/vignettes/n_oceania.gif
7 au 8 janv. 2023,GRAND CIRQUE MEDRANO,ALES,CIRQUE - CIRQUE SUR GLACE,24.2,GRAND CIRQUE MEDRANO,https://static.ticketmaster.fr/static/images/vignettes/a_543174.gif
8 janv. 2023,LE PACBO,ORCHIES,CIRQUE - CIRQUE CONTEMPORAIN,10.0,LE PACBO FAIT SON CIRQUE,https://static.ticketmaster.fr/static/images/vignettes/a_526906.gif
15 janv. 2023,L'EKLA,LE TEICH,CIRQUE - CIRQUE CONTEMPORAIN,7.0,HOPE,https://static.ticketmaster.fr/static/images/vignettes/ticket.gif
17 janv. 2023,ESPACE CULTUREL RENE CASSIN,FONTENAY LE COMTE,CIRQUE - CIRQUE CONTEMPORAIN,27.2,PASSAGERS,https://static.ticketmaster.fr/static/images/vignettes/ticket.gif
17 janv. 2023,THEATRE MAC NAB,VIERZON,CIRQUE - CIRQUE CONTEMPORAIN,7.0,LE HUITIEME JOUR,https://static.ticketmaster.fr/static/images/vignettes/a_528945.gif
18 au 29 janv. 2023,CHAPITEAU MEDRANO,ST ETIENNE,CIRQUE - CIRQUE TRADITIONNEL,21.0,GRAND CIRQUE MEDRANO,https://static.ticketmaster.fr/static/images/vignettes/n_oceania.gif
20 au 22 janv. 2023,VILLAGE CHAPITEAUX,MARSEILLE,CIRQUE - CIRQUE CONTEMPORAIN,13.0,BIENNALE INTERNATIONALE DES ARTS DU CIRQUE,https://static.ticketmaster.fr/static/images/vignettes/a_538868.gif
20 janv. 2023,CENTRE EVENEMENTIEL COURBEVOIE,COURBEVOIE,CIRQUE - CIRQUE CONTEMPORAIN,25.3,LE CIRQUE PHENIX - RHAPSODIE,https://static.ticketmaster.fr/static/images/vignettes/n_le-cirque-phenix-rhapsodie.gif
21 janv. 2023,RADIANT,CALUIRE ET CUIRE,CIRQUE - CIRQUE CONTEMPORAIN,20.0,CIRQUE MANDINGUE,https://static.ticketmaster.fr/static/images/vignettes/a_527605.gif
24 janv. 2023,CENTRE CULTUREL JULIOBONA,LILLEBONNE,CIRQUE - CIRQUE CONTEMPORAIN,7.0,CIRQUE ALFONSE,https://static.ticketmaster.fr/static/images/vignettes/a_536209.gif
25 au 26 janv. 2023,VILLAGE CHAPITEAUX,MARSEILLE,CIRQUE - CIRQUE CONTEMPORAIN,8.0,BIENNALE INTERNATIONALE DES ARTS DU CIRQUE,https://static.ticketmaster.fr/static/images/vignettes/a_538924.gif
28 au 29 janv. 2023,CHAPITEAU,VITROLLES,CIRQUE - CIRQUE TRADITIONNEL,17.0,REFLETS,https://static.ticketmaster.fr/static/images/vignettes/a_533650.gif
29 janv. 2023,PALAIS NIKAIA  DE NICE,NICE,CIRQUE - CIRQUE TRADITIONNEL,31.0,LE CIRQUE PHENIX - RHAPSODIE,https://static.ticketmaster.fr/static/images/vignettes/a_528174.gif
29 janv. 2023,RADIANT,CALUIRE ET CUIRE,CIRQUE - CIRQUE CONTEMPORAIN,20.0,"""CIRQUE LOR BLANC""",https://static.ticketmaster.fr/static/images/vignettes/a_527611.gif
31 janv. 2023,THEATRE DE L'OLIVIER-SCENES ET CINES,ISTRES,CIRQUE - CIRQUE CONTEMPORAIN,17.0,BRAME.,https://static.ticketmaster.fr/static/images/vignettes/ticket.gif
1 au 5 fevr. 2023,CHAPITEAU MEDRANO,MEYLAN,CIRQUE - CIRQUE TRADITIONNEL,21.0,GRAND CIRQUE MEDRANO,https://static.ticketmaster.fr/static/images/vignettes/n_oceania.gif
1 fevr. 2023,L'INTERVALLE,VAUGNERAY,CIRQUE - CIRQUE CONTEMPORAIN,23.0,PHARE CIRCUS,https://static.ticketmaster.fr/static/images/vignettes/a_533278.gif
1 au 2 fevr. 2023,LE FOIRAIL,PAU,CIRQUE - CIRQUE CONTEMPORAIN,17.0,COMPAGNIE XY,https://static.ticketmaster.fr/static/images/vignettes/a_529143.gif
3 au 11 fevr. 2023,VILLAGE CHAPITEAUX,MARSEILLE,CIRQUE - CIRQUE CONTEMPORAIN,14.0,BIENNALE INTERNATIONALE DES ARTS DU CIRQUE,https://static.ticketmaster.fr/static/images/vignettes/a_539085.gif
3 au 5 fevr. 2023,VILLAGE CHAPITEAUX,MARSEILLE,CIRQUE - CIRQUE CONTEMPORAIN,14.0,BIENNALE INTERNATIONALE DES ARTS DU CIRQUE,https://static.ticketmaster.fr/static/images/vignettes/a_538779.gif
3 au 4 fevr. 2023,THEATRE  LA COLONNE-SCENES ET CINES,MIRAMAS,CIRQUE - CIRQUE TRADITIONNEL,10.0,ESQUIVE GAETAN LEVEQUE,https://static.ticketmaster.fr/static/images/vignettes/ticket.gif
3 au 4 fevr. 2023,SALLE OBINO,VITROLLES,CIRQUE - CIRQUE CONTEMPORAIN,17.0,ETHER,https://static.ticketmaster.fr/static/images/vignettes/a_533651.gif
4 fevr. 2023,THEATRE DE FOS -SCENES ET CINES,FOS SUR MER,CIRQUE - CIRQUE TRADITIONNEL,10.0,CIE RAOUL LAMBERT,https://static.ticketmaster.fr/static/images/vignettes/a_535598.gif
4 fevr. 2023,PALAIS DES CONGRES TOURS,TOURS,CIRQUE - CIRQUE CONTEMPORAIN,31.0,LE CIRQUE PHENIX - RHAPSODIE,https://static.ticketmaster.fr/static/images/vignettes/n_le-cirque-phenix-rhapsodie.gif
5 fevr. 2023,SALLE EURYTHMIE,MONTAUBAN,CIRQUE - CIRQUE CONTEMPORAIN,18.0,FLI,https://static.ticketmaster.fr/static/images/vignettes/a_539002.gif
5 fevr. 2023,ZENITH DE ROUEN,LE GRAND QUEVILLY,CIRQUE - CIRQUE TRADITIONNEL,31.0,LE CIRQUE PHENIX - RHAPSODIE,https://static.ticketmaster.fr/static/images/vignettes/a_530118.gif
7 fevr. 2023,THEATRE  LA COLONNE-SCENES ET CINES,MIRAMAS,CIRQUE - CIRQUE CONTEMPORAIN,10.0,UN CONTRE UN RAPHAELE BOITEL,https://static.ticketmaster.fr/static/images/vignettes/ticket.gif
9 au 11 fevr. 2023,VILLAGE CHAPITEAUX,MARSEILLE,CIRQUE - CIRQUE CONTEMPORAIN,15.0,BIENNALE INTERNATIONALE DES ARTS DU CIRQUE,https://static.ticketmaster.fr/static/images/vignettes/a_538920.gif
9 au 11 fevr. 2023,VILLAGE CHAPITEAUX,MARSEILLE,CIRQUE - CIRQUE TRADITIONNEL,13.0,BIENNALE INTERNATIONALE DES ARTS DU CIRQUE,https://static.ticketmaster.fr/static/images/vignettes/a_538802.gif
9 fevr. 2023,LA CIGALIERE,SERIGNAN,CIRQUE - CIRQUE CONTEMPORAIN,13.0,"""DE SUEUR ET DENCRE""",https://static.ticketmaster.fr/static/images/vignettes/ticket.gif
9 fevr. 2023,AUDITORIUM ESPACE MALRAUX,JOUE LES TOURS,CIRQUE - CIRQUE CONTEMPORAIN,42.5,BACKBONE,https://static.ticketmaster.fr/static/images/vignettes/a_532413.gif
10 au 11 fevr. 2023,THEATRE  LA COLONNE-SCENES ET CINES,MIRAMAS,CIRQUE - CIRQUE AQUATIQUE,10.0,OUT OF THE BLUE,https://static.ticketmaster.fr/static/images/vignettes/ticket.gif
11 fevr. 2023,CHAPITEAU ARLETTE GRUSS,ROUEN,CIRQUE - CIRQUE EQUESTRE,37.0,CIRQUE ARLETTE GRUSS,https://static.ticketmaster.fr/static/images/vignettes/n_cirque-arlette-gruss-diner-spectacle.gif
11 fevr. 2023,Carre Bellefeuille,BOULOGNE BILLANCOURT,CIRQUE - CIRQUE CONTEMPORAIN,15.0,BACKBONE- COMPAGNIE GRAVITY AND OTHER MYTHS,https://static.ticketmaster.fr/static/images/vignettes/a_532300.gif
13 au 19 fevr. 2023,CHAPITEAU MEDRANO,METZ,CIRQUE - CIRQUE TRADITIONNEL,21.0,GRAND CIRQUE MEDRANO,https://static.ticketmaster.fr/static/images/vignettes/n_oceania.gif
15 fevr. 2023,ESPACE JEAN POPEREN,MEYZIEU,CIRQUE - CIRQUE CONTEMPORAIN,11.0,CONCERTO POUR DEUX CLOWNS,https://static.ticketmaster.fr/static/images/vignettes/a_506139.gif
17 fevr. 2023,THEATRE LA MAISON DU PEUPLE,MILLAU,CIRQUE - CIRQUE CONTEMPORAIN,21.5,"""DE SUEUR ET DENCRE""",https://static.ticketmaster.fr/static/images/vignettes/a_529995.gif
18 fevr. 2023,COMPLEXE BOCAPOLE,BRESSUIRE,CIRQUE - CIRQUE CONTEMPORAIN,15.0,CRAZY CIRCUS,https://static.ticketmaster.fr/static/images/vignettes/a_540783.gif
19 fevr. 2023,RADIANT,CALUIRE ET CUIRE,CIRQUE - CIRQUE CONTEMPORAIN,19.0,CIRQUE DU GRAND LYON,https://static.ticketmaster.fr/static/images/vignettes/a_527614.gif
21 fevr. 2023,PALAIS DES CONGRES-LE MANS,LE MANS,CIRQUE - CIRQUE CONTEMPORAIN,35.2,CIRQUE LE ROUX- LA NUIT DU CERF,https://static.ticketmaster.fr/static/images/vignettes/n_la-nuit-du-cerf.gif
24 fevr. 2023,CHAPITEAU ARLETTE GRUSS,ARRAS,CIRQUE - CIRQUE EQUESTRE,37.0,CIRQUE ARLETTE GRUSS,https://static.ticketmaster.fr/static/images/vignettes/n_cirque-arlette-gruss-diner-spectacle.gif
24 fevr. 2023,THEATRE OLYMPIA,ARCACHON,CIRQUE - CIRQUE CONTEMPORAIN,14.0,ZWAI,https://static.ticketmaster.fr/static/images/vignettes/a_532870.gif
24 fevr. 2023,CENTRE ATHANOR,MONTLUCON,CIRQUE - CIRQUE CONTEMPORAIN,22.0,MUTE,https://static.ticketmaster.fr/static/images/vignettes/a_532598.gif
25 fevr. 2023,LE FORUM,FREJUS,CIRQUE - CIRQUE CONTEMPORAIN,24.0,LA NUIT DU CERF,https://static.ticketmaster.fr/static/images/vignettes/a_528618.gif
28 fevr. 2023,ESPACE GEORGES SADOUL,ST DIE DES VOSGES,CIRQUE - CIRQUE TRADITIONNEL,8.0,CRUSH,https://static.ticketmaster.fr/static/images/vignettes/a_528778.gif
3 mars 2023,CENTRE CULTUREL DES CARMES,LANGON,CIRQUE - CIRQUE CONTEMPORAIN,15.0,EN ATTENDANT LE GRAND SOIR,https://static.ticketmaster.fr/static/images/vignettes/a_527926.gif
4 au 17 mars 2023,CHAPITEAU ARLETTE GRUSS,LILLE,CIRQUE - CIRQUE EQUESTRE,37.0,CIRQUE ARLETTE GRUSS,https://static.ticketmaster.fr/static/images/vignettes/n_cirque-arlette-gruss-diner-spectacle.gif
4 mars 2023,GARE DU MIDI,BIARRITZ,CIRQUE - CIRQUE CONTEMPORAIN,32.2,HUMANS 2.0,https://static.ticketmaster.fr/static/images/vignettes/a_529539.gif
10 mars 2023,L'AGORA,BONNEVILLE,CIRQUE - CIRQUE CONTEMPORAIN,11.0,"""COMPAGNIER LEOLIENNE""",https://static.ticketmaster.fr/static/images/vignettes/a_533821.gif
11 mars 2023,LA CANOPEE,RUFFEC,CIRQUE - CIRQUE CONTEMPORAIN,9.0,TITI TOMBE- TITI TOMBE PAS- CIE PASCAL ROUSSEAU,https://static.ticketmaster.fr/static/images/vignettes/a_536083.gif
14 mars 2023,LE PARVIS,IBOS,CIRQUE - CIRQUE TRADITIONNEL,12.0,Ensemble La Main Harmonique,https://static.ticketmaster.fr/static/images/vignettes/a_527966.gif
17 mars 2023,LA CIGALIERE,SERIGNAN,CIRQUE - CIRQUE TRADITIONNEL,10.0,CONCERTO POUR DEUX CLOWNS,https://static.ticketmaster.fr/static/images/vignettes/ticket.gif
17 mars 2023,THEATRE DE GRASSE,GRASSE,CIRQUE - CIRQUE TRADITIONNEL,12.0,MONSIEUR MOUCHE,https://static.ticketmaster.fr/static/images/vignettes/a_531396.gif
17 mars 2023,LA CHAUDRONNERIE/SALLE MICHEL SIMON,LA CIOTAT,CIRQUE - CIRQUE CONTEMPORAIN,39.0,MACHINE DE CIRQUE,https://static.ticketmaster.fr/static/images/vignettes/a_527016.gif
22 au 26 mars 2023,SOUS LE CHAPITEAU INTERNATIONAL DU CIRQUE,BAYEUX,CIRQUE - CIRQUE TRADITIONNEL,15.0,FESTIVAL INTERNATIONAL DU CIRQUE,https://static.ticketmaster.fr/static/images/vignettes/a_542247.gif
22 mars 2023,LE SPLENDID,ST QUENTIN,CIRQUE - CIRQUE CONTEMPORAIN,22.0,HUMANS 2.0,https://static.ticketmaster.fr/static/images/vignettes/a_532463.gif
24 mars 2023,LA CANOPEE,RUFFEC,CIRQUE - CIRQUE TRADITIONNEL,9.0,CONCERTO POUR DEUX CLOWNS- LES ROIS VAGABONDS,https://static.ticketmaster.fr/static/images/vignettes/a_536086.gif
24 mars 2023,THEATRE OLYMPIA,ARCACHON,CIRQUE - CIRQUE CONTEMPORAIN,20.0,MACHINE DE CIRQUE- LA GALERIE,https://static.ticketmaster.fr/static/images/vignettes/a_533568.gif
25 mars 2023,THEATRE MAC NAB,VIERZON,CIRQUE - CIRQUE CONTEMPORAIN,29.2,LA NUIT DU CERF,https://static.ticketmaster.fr/static/images/vignettes/n_la-nuit-du-cerf.gif
26 mars 2023,LA CARAVELLE,MARCHEPRIME,CIRQUE - CIRQUE CONTEMPORAIN,12.0,CIRQUE LA PISTE AUX ETOILES,https://static.ticketmaster.fr/static/images/vignettes/a_534839.gif
28 mars 2023,ESPACE CULTUREL RENE CASSIN,FONTENAY LE COMTE,CIRQUE - CIRQUE CONTEMPORAIN,27.2,LA NUIT DU CERF,https://static.ticketmaster.fr/static/images/vignettes/n_la-nuit-du-cerf.gif
28 mars 2023,THEATRE LA MAISON DU PEUPLE,MILLAU,CIRQUE - CIRQUE CONTEMPORAIN,21.5,LE CHANT DU VERTIGE,https://static.ticketmaster.fr/static/images/vignettes/a_530003.gif
29 au 30 mars 2023,LE FOIRAIL,PAU,CIRQUE - CIRQUE CONTEMPORAIN,12.0,MARICA MARINONI- JUAN IGNACIO TULA,https://static.ticketmaster.fr/static/images/vignettes/a_529147.gif
31 mars au 9 avr. 2023,CHAPITEAU ARLETTE GRUSS,DUNKERQUE,CIRQUE - CIRQUE EQUESTRE,17.0,CIRQUE ARLETTE GRUSS,https://static.ticketmaster.fr/static/images/vignettes/n_cirque-arlette-gruss.gif
1 avr. 2023,LE BASCALA,BRUGUIERES,CIRQUE - CIRQUE CONTEMPORAIN,12.0,JUVENTUD,https://static.ticketmaster.fr/static/images/vignettes/a_531026.gif
6 avr. 2023,GRAND THEATRE DE CALAIS,CALAIS,CIRQUE - CIRQUE CONTEMPORAIN,20.0,GLOBE STORY,https://static.ticketmaster.fr/static/images/vignettes/a_534174.gif
7 avr. 2023,CHAPITEAU ARLETTE GRUSS,DUNKERQUE,CIRQUE - CIRQUE EQUESTRE,37.0,CIRQUE ARLETTE GRUSS,https://static.ticketmaster.fr/static/images/vignettes/n_cirque-arlette-gruss-diner-spectacle.gif
7 avr. 2023,THEATRE OLYMPIA,ARCACHON,CIRQUE - CIRQUE CONTEMPORAIN,20.0,SACRE,https://static.ticketmaster.fr/static/images/vignettes/a_533570.gif
21 au 30 avr. 2023,CHAPITEAU ARLETTE GRUSS,COLMAR,CIRQUE - CIRQUE EQUESTRE,17.0,CIRQUE ARLETTE GRUSS,https://static.ticketmaster.fr/static/images/vignettes/n_cirque-arlette-gruss.gif
22 avr. 2023,CHAPITEAU ARLETTE GRUSS,COLMAR,CIRQUE - CIRQUE EQUESTRE,37.0,CIRQUE ARLETTE GRUSS,https://static.ticketmaster.fr/static/images/vignettes/n_cirque-arlette-gruss-diner-spectacle.gif
28 avr. 2023,LE TOBOGGAN,DECINES CHARPIEU,CIRQUE - CIRQUE CONTEMPORAIN,16.0,4X4 EPHEMERAL ARCHITECTURES,https://static.ticketmaster.fr/static/images/vignettes/a_528353.gif
6 mai 2023,CHAPITEAU ARLETTE GRUSS,MULHOUSE,CIRQUE - CIRQUE EQUESTRE,37.0,CIRQUE ARLETTE GRUSS,https://static.ticketmaster.fr/static/images/vignettes/n_cirque-arlette-gruss-diner-spectacle.gif
11 au 13 mai 2023,L'ARCHIPEL,FOUESNANT,CIRQUE - CIRQUE CONTEMPORAIN,9.0,ORAISON,https://static.ticketmaster.fr/static/images/vignettes/a_539141.gif
11 mai 2023,ESPACE GEORGE SAND,CHECY,CIRQUE - CIRQUE CONTEMPORAIN,9.0,ECLIPSE,https://static.ticketmaster.fr/static/images/vignettes/a_534569.gif
12 mai 2023,LA CIGALIERE,SERIGNAN,CIRQUE - CIRQUE CONTEMPORAIN,8.0,VROOM,https://static.ticketmaster.fr/static/images/vignettes/ticket.gif
14 mai 2023,LE GRAND PRE,LANGUEUX,CIRQUE - CIRQUE TRADITIONNEL,8.0,GRAVIR,https://static.ticketmaster.fr/static/images/vignettes/ticket.gif
31 mai 2023,ESPACE JEAN POPEREN,MEYZIEU,CIRQUE - CIRQUE CONTEMPORAIN,11.0,COMPAGNIE CHALIWATÉ,https://static.ticketmaster.fr/static/images/vignettes/a_530175.gif
2 au 3 juin 2023,SOUS CHAPITEAU GRAND PRE,ST VALLIER DE THIEY,CIRQUE - CIRQUE CONTEMPORAIN,12.0,PANDAX,https://static.ticketmaster.fr/static/images/vignettes/a_530819.gif
15 juin 2023,THEATRE JEAN VILAR,ST QUENTIN,CIRQUE - CIRQUE CONTEMPORAIN,22.0,SMASHED,https://static.ticketmaster.fr/static/images/vignettes/a_533475.gif
